#Hudson Pietrini,,,,,,
#,Store: Target,,,,,,
#,Date: 09/20/26,,,,,,
#,,,,,,,
#,Item,Price ($),Calories (kcals),Food Group,,Calories/Serving,# of Servings
Organic Peanut Butter - Good & Gather,4.89,2660,Protein,190,14
Concord Grape Superfood Jam - Smash Foods,5.69,420,Fruit,30,14
Organic 21 Grain Bread - Dave's Killer Bread,6.39,1470,Grains,70,21
Organic Oatmeal - Good and Gather,2.69,800,Grains,100,8
Extra Virgin Olive Oil - Carapelli,10.79,3960,Vegetable,120,33
Sardines - Fishwife,5.99,200,Protein,200,1
Organic Oven Roasted Turkey Breast - Applegate,6.99,150,Protein,50,3
Organic Hass Avocados - Good and Gather,4.99,1288,Vegetable,322,4
Yogurt - Siggi's,6.79,400,Dairy,100,4
Beef Sticks - Chomps,18.49,800,Protein,100,8
